annee_enquete,poste,ecart_fisher_pct,precision_pct,source_url,consulte_le,remarque
2010,ensemble,9.7,0.1,https://www.insee.fr/fr/statistiques/7648939,2026-10-05,"Comparaison 2010-2015 délicate : Analyses Martinique n° 9, champs de consommation différents. Insee Première n° 1958, figure 2 : 9,7 %."
2015,ensemble,12.3,0.1,https://www.insee.fr/fr/statistiques/7648939,2026-10-05,"Comparaison 2010-2015 délicate (Analyses Martinique n° 9). Insee Première n° 1958, figure 2 : 12,3 %. Analyses n° 63 arrondit 2015 à 12 %."
2022,ensemble,13.8,0.1,https://www.insee.fr/fr/statistiques/7648939,2026-10-05,"Insee Première n° 1958, figure 2 : 13,8 %. Analyses Martinique n° 63 arrondit le même écart à 14 %."
2010,alimentation,29.5,0.1,https://www.insee.fr/fr/statistiques/1908423,2026-10-05,"Comparaison 2010-2015 délicate. Analyses Martinique n° 9 : écart alimentaire de 29,5 % en 2010."
2015,alimentation,38.2,0.1,https://www.insee.fr/fr/statistiques/1908423,2026-10-05,"Comparaison 2010-2015 délicate. Analyses Martinique n° 9, figure 2 : produits alimentaires et boissons non alcoolisées, 38,2 %."
2022,alimentation,40.2,0.1,https://www.insee.fr/fr/statistiques/7648939,2026-10-05,"Insee Première n° 1958, figure 3 : produits alimentaires et boissons non alcoolisées, 40,2 %. Analyses Martinique n° 63 arrondit à 40 %. Le seed ecsp_alimentation_2022.csv conserve 40,0, ancre de l'estimation : même mesure, arrondi différent."
2022,communications,37,1,https://www.insee.fr/fr/statistiques/7649202,2026-10-05,"Analyses Martinique n° 63, figure 3, indice de Fisher. Libellé source : Communications. Publié à l'unité."
2022,meubles_entretien,25,1,https://www.insee.fr/fr/statistiques/7649202,2026-10-05,"Analyses Martinique n° 63, figure 3. Libellé source : Meubles, articles de ménage et entretien courant du foyer. Publié à l'unité."
2022,alcool_tabac,23,1,https://www.insee.fr/fr/statistiques/7649202,2026-10-05,"Analyses Martinique n° 63, figure 3. Libellé source : Boissons alcoolisées et tabac. Publié à l'unité."
2022,sante,13,1,https://www.insee.fr/fr/statistiques/7649202,2026-10-05,"Analyses Martinique n° 63, figure 3. Libellé source : Santé. Publié à l'unité."
2022,logement,7,1,https://www.insee.fr/fr/statistiques/7649202,2026-10-05,"Analyses Martinique n° 63, figure 3. Libellé source : Logement, eau, gaz, électricité et autres combustibles. Publié à l'unité."
2022,transports,-5,1,https://www.insee.fr/fr/statistiques/7649202,2026-10-05,"Analyses Martinique n° 63, figure 3. Libellé source : Transports. Publié à l'unité."
