date_evenement,precision_date,titre,type_evenement,postes_concernes,url_source,type_source,consulte_le
2022-03-01,mois,"Enquête Insee de comparaison spatiale des prix (mars-avril 2022) : alimentation +40 % en Martinique",etude,alimentation,https://www.insee.fr/fr/statistiques/7649202,officielle,2026-09-29
2023-07-20,jour,"Rapport de la commission d'enquête de l'Assemblée nationale sur la vie chère dans les outre-mer",etude,tous,https://la1ere.franceinfo.fr/vie-chere-dans-les-outre-mer-ce-qu-il-faut-retenir-de-la-commission-d-enquete-de-l-assemblee-nationale-1415357.html,presse,2026-09-29
2024-03-05,jour,"La Cour des comptes juge que l'octroi de mer amplifie mécaniquement les effets de l'inflation",etude,tous,https://www.ccomptes.fr/fr/publications/loctroi-de-mer-une-taxe-la-croisee-des-chemins,officielle,2026-09-29
2024-07-01,mois,"Ultimatum du RPPRAC aux distributeurs pour aligner les prix sur l'Hexagone",mobilisation,alimentation,https://theconversation.com/martinique-contre-la-vie-chere-un-collectif-atypique-242869,etude,2026-09-29
2024-09-01,mois,"Début de la mobilisation publique contre la vie chère",mobilisation,alimentation,https://theconversation.com/martinique-contre-la-vie-chere-un-collectif-atypique-242869,etude,2026-09-29
2024-10-10,jour,"Nuit d'émeutes, un mort par arme à feu au Robert ; couvre-feu instauré",mobilisation,tous,https://rci.fm/martinique/infos/Faits-divers/Emeutes-en-Martinique-une-nuit-denfer-un-mort-par-balle-au-Robert-de-nombreux,presse,2026-09-29
2024-10-16,jour,"Signature du protocole de lutte contre la vie chère (objectif −20 % en moyenne), sans le RPPRAC",accord_prix,alimentation,https://www.martinique.gouv.fr/Actualites/Signature-du-protocole-d-objectifs-et-de-moyens-de-lutte-contre-la-vie-chere,officielle,2026-09-29
2024-11-05,jour,"Levée totale du couvre-feu",mesure_publique,tous,https://la1ere.franceinfo.fr/martinique/violences-urbaines-en-martinique-le-couvre-feu-leve-des-ce-mardi-5-novembre-a-5-heures-1534132.html,presse,2026-09-29
2025-01-01,jour,"Octroi de mer à zéro sur 54 familles de produits et gel des marges des distributeurs",mesure_publique,alimentation,https://www.martinique.gouv.fr/Actions-de-l-Etat/Consommation-et-commerce/Lutte-contre-la-vie-chere/Bilan-general-a-fin-octobre-2025-Protocole-de-lutte-contre-la-vie-chere-signe-le-16-octobre-2024,officielle,2026-09-29
2025-03-01,jour,"TVA à zéro sur 69 familles de produits du protocole",mesure_publique,alimentation,https://www.martinique.gouv.fr/Actions-de-l-Etat/Consommation-et-commerce/Lutte-contre-la-vie-chere/Bilan-general-a-fin-octobre-2025-Protocole-de-lutte-contre-la-vie-chere-signe-le-16-octobre-2024,officielle,2026-09-29
2025-07-30,jour,"Dépôt au Sénat du projet de loi de lutte contre la vie chère dans les outre-mer",mesure_publique,tous,https://www.senat.fr/dossier-legislatif/pjl24-870.html,officielle,2026-09-29
2025-10-01,mois,"Bilan du protocole à fin octobre 2025 : −10,5 % annoncé sur 54 familles (données des distributeurs)",accord_prix,alimentation,https://www.martinique.gouv.fr/Actions-de-l-Etat/Consommation-et-commerce/Lutte-contre-la-vie-chere/Bilan-general-a-fin-octobre-2025-Protocole-de-lutte-contre-la-vie-chere-signe-le-16-octobre-2024,officielle,2026-09-29
2025-10-28,jour,"Adoption du projet de loi vie chère au Sénat en première lecture",mesure_publique,tous,https://www.senat.fr/dossier-legislatif/pjl24-870.html,officielle,2026-09-29
2026-02-10,jour,"Avis 26-A-01 de l'Autorité de la concurrence sur les marges de la distribution alimentaire",etude,alimentation,https://www.autoritedelaconcurrence.fr/fr/avis/relatif-aux-marges-des-grossistes-importateurs-et-des-distributeurs-de-produits-alimentaires,officielle,2026-09-29
2026-02-01,mois,"Conflit en Iran et flambée des prix des hydrocarbures",choc_exterieur,energie,https://www.iedom.fr/IMG/pdf/synthese_mq.pdf,etude,2026-09-29
2026-05-19,jour,"Rapport du Sénat sur les marges de la grande distribution en outre-mer",etude,alimentation,https://la1ere.franceinfo.fr/martinique/fort-france/vie-chere-on-vous-resume-le-rapport-du-senat-sur-les-marges-de-la-grande-distribution-en-outre-mer-1703482.html,presse,2026-09-29
2026-07-15,jour,"Entrée en vigueur du Bouclier Qualité Prix automobile",mesure_publique,produits_manufactures|services,https://opmrmartinique.fr/bouclier-qualite-prix-automobile-2026/,officielle,2026-09-29
