debut_effet,carburant_mq,libelle_source,prix_max_eur_litre,reference_acte,url_source_primaire,pages_acte
2022-04-01,super_sans_plomb,"Supercarburant sans plomb : 1,83 €/L (avec aide 15 c€/L)",1.83,CP-20220331,https://www.martinique.gouv.fr/contenu/telechargement/19272/131070/file/20220331_CP%20Carburant.pdf,
2022-04-01,gazole,"Gazole routier : 1,81 €/L (avec aide 15 c€/L)",1.81,CP-20220331,https://www.martinique.gouv.fr/contenu/telechargement/19272/131070/file/20220331_CP%20Carburant.pdf,
2022-05-01,super_sans_plomb,"Supercarburant sans plomb : 1,83 €/L (avec aide 15 c€/L)",1.83,CP-20220430,https://www.martinique.gouv.fr/contenu/telechargement/19523/132673/file/20220430_CP%20prix%20des%20carburants%20et%20du%20gaz%20pour%20le%20mois%20de%20mai%202022..pdf,
2022-05-01,gazole,"Gazole routier : 1,81 €/L (avec aide 15 c€/L)",1.81,CP-20220430,https://www.martinique.gouv.fr/contenu/telechargement/19523/132673/file/20220430_CP%20prix%20des%20carburants%20et%20du%20gaz%20pour%20le%20mois%20de%20mai%202022..pdf,
2022-06-01,super_sans_plomb,"par rapport à juin 2022 (1,96 €/L) — cité CP juillet 2022",1.96,CP-20220630-juin-cite,https://www.martinique.gouv.fr/contenu/telechargement/19708/133769/file/20220630_CP%20prix%20des%20carburants%20et%20du%20gaz%20juillet%202022.pdf,
2022-06-01,gazole,"par rapport à juin 2022 (1,80 €/L) — cité CP juillet 2022",1.80,CP-20220630-juin-cite,https://www.martinique.gouv.fr/contenu/telechargement/19708/133769/file/20220630_CP%20prix%20des%20carburants%20et%20du%20gaz%20juillet%202022.pdf,
2022-07-01,super_sans_plomb,"Supercarburant sans plomb : 2,01 €/L (avec aide 15 c€/L)",2.01,CP-20220630,https://www.martinique.gouv.fr/contenu/telechargement/19708/133769/file/20220630_CP%20prix%20des%20carburants%20et%20du%20gaz%20juillet%202022.pdf,
2022-07-01,gazole,"Gazole routier : 1,96 €/L (avec aide 15 c€/L)",1.96,CP-20220630,https://www.martinique.gouv.fr/contenu/telechargement/19708/133769/file/20220630_CP%20prix%20des%20carburants%20et%20du%20gaz%20juillet%202022.pdf,
2022-08-01,super_sans_plomb,"Supercarburant sans plomb : 1,93 €/L (avec aide 15 c€/L)",1.93,CP-20220729,https://www.martinique.gouv.fr/contenu/telechargement/19855/134712/file/20220729_CP%20Evolution%20Prix%20Produits%20Petroliers%20.odt.pdf,
2022-08-01,gazole,"Gazole routier : 1,87 €/L (avec aide 15 c€/L)",1.87,CP-20220729,https://www.martinique.gouv.fr/contenu/telechargement/19855/134712/file/20220729_CP%20Evolution%20Prix%20Produits%20Petroliers%20.odt.pdf,
2022-09-01,super_sans_plomb,"Supercarburant sans plomb : 1,65 €/L (remise État 25 c€/L comprise)",1.65,CP-20220830,https://www.martinique.gouv.fr/contenu/telechargement/19884/134872/file/20220830_CP%20prix%20des%20carburants%20pour%20le%20mois%20de%20septembre%202022.pdf,
2022-09-01,gazole,"Gazole : 1,67 €/L (remise État 25 c€/L comprise)",1.67,CP-20220830,https://www.martinique.gouv.fr/contenu/telechargement/19884/134872/file/20220830_CP%20prix%20des%20carburants%20pour%20le%20mois%20de%20septembre%202022.pdf,
2022-10-01,super_sans_plomb,"Supercarburant sans plomb : 1,52 €/L (remise État 25 c€/L comprise)",1.52,CP-20220930,https://www.martinique.gouv.fr/contenu/telechargement/20032/135793/file/20220930_CP+prix+des+carburants+pour+le+mois+d%27octobre+2022-7.pdf,
2022-10-01,gazole,"Gazole : 1,72 €/L (remise État 25 c€/L comprise)",1.72,CP-20220930,https://www.martinique.gouv.fr/contenu/telechargement/20032/135793/file/20220930_CP+prix+des+carburants+pour+le+mois+d%27octobre+2022-7.pdf,
2022-11-16,super_sans_plomb,"Super carburant sans plomb — prix affiché à la pompe avec réduction 8,33 c€/L",1.68,R02-2022-11-15-00003,https://www.martinique.gouv.fr/contenu/telechargement/20144/136508/file/RAA-02-2022-309.pdf,3-8
2022-11-16,gazole,"Gazole routier — prix affiché à la pompe avec réduction 8,33 c€/L",1.81,R02-2022-11-15-00003,https://www.martinique.gouv.fr/contenu/telechargement/20144/136508/file/RAA-02-2022-309.pdf,3-8
2022-12-01,super_sans_plomb,"Supercarburant sans plomb : 1,77 €/L (remise 8,33 c€/L comprise)",1.77,CP-20221130,https://www.martinique.gouv.fr/contenu/telechargement/20215/136918/file/20221130%20CP%20R%C3%A9vision%20des%20produits%20p%C3%A9troliers%20et%20du%20gaz%20domestique%20pour%20le%20mois%20de%20d%C3%A9cembre%202022.pdf,
2022-12-01,gazole,"Gazole : 1,89 €/L (remise 8,33 c€/L comprise)",1.89,CP-20221130,https://www.martinique.gouv.fr/contenu/telechargement/20215/136918/file/20221130%20CP%20R%C3%A9vision%20des%20produits%20p%C3%A9troliers%20et%20du%20gaz%20domestique%20pour%20le%20mois%20de%20d%C3%A9cembre%202022.pdf,
2023-01-01,super_sans_plomb,"Supercarburant sans plomb : 1,61 €/L",1.61,CP-20221229,https://www.martinique.gouv.fr/contenu/telechargement/20398/137885/file/20221229%20CP%20R%C3%A9vision%20des%20produits%20p%C3%A9troliers%20et%20du%20gaz%20domestique%20pour%20le%20mois%20de%20janvier%202023.pdf,
2023-01-01,gazole,"Gazole routier : 1,73 €/L",1.73,CP-20221229,https://www.martinique.gouv.fr/contenu/telechargement/20398/137885/file/20221229%20CP%20R%C3%A9vision%20des%20produits%20p%C3%A9troliers%20et%20du%20gaz%20domestique%20pour%20le%20mois%20de%20janvier%202023.pdf,
2023-02-01,super_sans_plomb,"par rapport à février 2023 (1,72 €) — cité CP mars 2023",1.72,CP-20230228-fev-cite,https://www.martinique.gouv.fr/contenu/telechargement/20586/163968/file/2023_02_28_CP_r%C3%A9vision%20des%20prix%20des%20produits%20p%C3%A9troliers%20au%201er%20mars%202023.pdf,
2023-02-01,gazole,"par rapport à février 2023 (1,75 €) — cité CP mars 2023",1.75,CP-20230228-fev-cite,https://www.martinique.gouv.fr/contenu/telechargement/20586/163968/file/2023_02_28_CP_r%C3%A9vision%20des%20prix%20des%20produits%20p%C3%A9troliers%20au%201er%20mars%202023.pdf,
2023-03-01,super_sans_plomb,"Supercarburant sans plomb : 1,76 €/L",1.76,CP-20230228,https://www.martinique.gouv.fr/contenu/telechargement/20586/163968/file/2023_02_28_CP_r%C3%A9vision%20des%20prix%20des%20produits%20p%C3%A9troliers%20au%201er%20mars%202023.pdf,
2023-03-01,gazole,"Gazole routier : 1,62 €/L",1.62,CP-20230228,https://www.martinique.gouv.fr/contenu/telechargement/20586/163968/file/2023_02_28_CP_r%C3%A9vision%20des%20prix%20des%20produits%20p%C3%A9troliers%20au%201er%20mars%202023.pdf,
2023-04-01,super_sans_plomb,"Supercarburant sans plomb : 1,77 €/L",1.77,CP-20230331,https://www.martinique.gouv.fr/contenu/telechargement/20691/164780/file/2023_03_31_CP_r%C3%A9vision%20des%20prix%20des%20produits%20p%C3%A9troliers%20au%201er%20avril%202023.pdf,
2023-04-01,gazole,"Gazole routier : 1,69 €/L",1.69,CP-20230331,https://www.martinique.gouv.fr/contenu/telechargement/20691/164780/file/2023_03_31_CP_r%C3%A9vision%20des%20prix%20des%20produits%20p%C3%A9troliers%20au%201er%20avril%202023.pdf,
2023-05-01,super_sans_plomb,"par rapport à mai 2023 (1,86 €) — cité CP juin 2023",1.86,CP-20230531-mai-cite,https://www.martinique.gouv.fr/contenu/telechargement/20856/165968/file/20230531_CP_r%C3%A9vision%20des%20prix%20des%20produits%20p%C3%A9troliers%20pour%20le%20mois%20de%20juin%202023.pdf,
2023-05-01,gazole,"par rapport à mai 2023 (1,61 €) — cité CP juin 2023",1.61,CP-20230531-mai-cite,https://www.martinique.gouv.fr/contenu/telechargement/20856/165968/file/20230531_CP_r%C3%A9vision%20des%20prix%20des%20produits%20p%C3%A9troliers%20pour%20le%20mois%20de%20juin%202023.pdf,
2023-06-01,super_sans_plomb,"Supercarburant sans plomb : 1,78 €/L",1.78,CP-20230531,https://www.martinique.gouv.fr/contenu/telechargement/20856/165968/file/20230531_CP_r%C3%A9vision%20des%20prix%20des%20produits%20p%C3%A9troliers%20pour%20le%20mois%20de%20juin%202023.pdf,
2023-06-01,gazole,"Gazole routier : 1,51 €/L",1.51,CP-20230531,https://www.martinique.gouv.fr/contenu/telechargement/20856/165968/file/20230531_CP_r%C3%A9vision%20des%20prix%20des%20produits%20p%C3%A9troliers%20pour%20le%20mois%20de%20juin%202023.pdf,
2023-07-01,super_sans_plomb,"Supercarburant sans plomb : 1,77 €/L",1.77,CP-20230630,https://www.martinique.gouv.fr/contenu/telechargement/20951/166611/file/20230630_CP_r%C3%A9vision%20des%20produits%20p%C3%A9troliers%20pour%20le%20mois%20de%20juillet%202023.pdf,
2023-07-01,gazole,"Gazole routier : 1,54 €/L",1.54,CP-20230630,https://www.martinique.gouv.fr/contenu/telechargement/20951/166611/file/20230630_CP_r%C3%A9vision%20des%20produits%20p%C3%A9troliers%20pour%20le%20mois%20de%20juillet%202023.pdf,
2023-08-01,super_sans_plomb,"par rapport à août 2023 (1,80 €) — cité CP septembre 2023",1.80,CP-20230831-aout-cite,https://www.martinique.gouv.fr/contenu/telechargement/21203/168123/file/20230831_CP_r%C3%A9vision%20des%20produits%20p%C3%A9troliers%20pour%20le%20mois%20de%20septembre%202023.pdf,
2023-08-01,gazole,"par rapport à août 2023 (1,60 €) — cité CP septembre 2023",1.60,CP-20230831-aout-cite,https://www.martinique.gouv.fr/contenu/telechargement/21203/168123/file/20230831_CP_r%C3%A9vision%20des%20produits%20p%C3%A9troliers%20pour%20le%20mois%20de%20septembre%202023.pdf,
2023-09-01,super_sans_plomb,"Supercarburant sans plomb : 1,86 €/L",1.86,CP-20230831,https://www.martinique.gouv.fr/contenu/telechargement/21203/168123/file/20230831_CP_r%C3%A9vision%20des%20produits%20p%C3%A9troliers%20pour%20le%20mois%20de%20septembre%202023.pdf,
2023-09-01,gazole,"Gazole routier : 1,71 €/L",1.71,CP-20230831,https://www.martinique.gouv.fr/contenu/telechargement/21203/168123/file/20230831_CP_r%C3%A9vision%20des%20produits%20p%C3%A9troliers%20pour%20le%20mois%20de%20septembre%202023.pdf,
2023-10-01,super_sans_plomb,"Supercarburant sans plomb : 1,88 €/L",1.88,CP-20230929,https://martinique.deets.gouv.fr/sites/martinique.deets.gouv.fr/IMG/pdf/cp20232909_carburant_oct_.odt.pdf,
2023-10-01,gazole,"Gazole routier : 1,81 €/L",1.81,CP-20230929,https://martinique.deets.gouv.fr/sites/martinique.deets.gouv.fr/IMG/pdf/cp20232909_carburant_oct_.odt.pdf,
2023-11-01,super_sans_plomb,"Supercarburant sans plomb : 1,76 €/L",1.76,CP-20231030,https://martinique.deets.gouv.fr/sites/martinique.deets.gouv.fr/IMG/pdf/20231030_cp_revision_des_produits_petroliers_pour_le_mois_de_novembre_2023.pdf,
2023-11-01,gazole,"Gazole routier : 1,81 €/L",1.81,CP-20231030,https://martinique.deets.gouv.fr/sites/martinique.deets.gouv.fr/IMG/pdf/20231030_cp_revision_des_produits_petroliers_pour_le_mois_de_novembre_2023.pdf,
2023-12-01,super_sans_plomb,"Supercarburant sans plomb : 1,76 €/L",1.76,CP-20231130,https://www.martinique.gouv.fr/contenu/telechargement/21470/169721/file/20231130_CP_r%C3%A9vision%20des%20produits%20p%C3%A9troliers%20pour%20le%20mois%20de%20d%C3%A9cembre%202023.pdf,
2023-12-01,gazole,"Gazole routier : 1,74 €/L",1.74,CP-20231130,https://www.martinique.gouv.fr/contenu/telechargement/21470/169721/file/20231130_CP_r%C3%A9vision%20des%20produits%20p%C3%A9troliers%20pour%20le%20mois%20de%20d%C3%A9cembre%202023.pdf,
2024-01-01,super_sans_plomb,"Supercarburant sans plomb : 1,70 €/L",1.70,CP-20231229,https://www.martinique.gouv.fr/contenu/telechargement/21609/170534/file/20231229%20CP_R%C3%A9vision%20du%20prix%20des%20produits%20p%C3%A9troliers%20et%20du%20gaz%20domestique%20pour%20le%20mois%20de%20janvier%202024.pdf,
2024-01-01,gazole,"Gazole routier : 1,65 €/L",1.65,CP-20231229,https://www.martinique.gouv.fr/contenu/telechargement/21609/170534/file/20231229%20CP_R%C3%A9vision%20du%20prix%20des%20produits%20p%C3%A9troliers%20et%20du%20gaz%20domestique%20pour%20le%20mois%20de%20janvier%202024.pdf,
2024-02-01,super_sans_plomb,"Supercarburant sans plomb : 1,75 €/L",1.75,CP-20240131,https://www.martinique.gouv.fr/contenu/telechargement/21679/170991/file/20240131%20CP_R%C3%A9vision%20du%20prix%20des%20produits%20p%C3%A9troliers%20et%20du%20gaz%20domestique%20pour%20le%20mois%20de%20f%C3%A9vrier%202024.pdf,
2024-02-01,gazole,"Gazole routier : 1,67 €/L",1.67,CP-20240131,https://www.martinique.gouv.fr/contenu/telechargement/21679/170991/file/20240131%20CP_R%C3%A9vision%20du%20prix%20des%20produits%20p%C3%A9troliers%20et%20du%20gaz%20domestique%20pour%20le%20mois%20de%20f%C3%A9vrier%202024.pdf,
2024-03-01,super_sans_plomb,"Supercarburant sans plomb : 1,80 €/L",1.80,CP-20240228,https://www.martinique.gouv.fr/contenu/telechargement/21771/171635/file/20240228%20CP_R%C3%A9vision%20du%20prix%20des%20produits%20p%C3%A9troliers%20et%20du%20gaz%20domestique%20pour%20le%20mois%20de%20mars%202024.pdf,
2024-03-01,gazole,"Gazole routier : 1,77 €/L",1.77,CP-20240228,https://www.martinique.gouv.fr/contenu/telechargement/21771/171635/file/20240228%20CP_R%C3%A9vision%20du%20prix%20des%20produits%20p%C3%A9troliers%20et%20du%20gaz%20domestique%20pour%20le%20mois%20de%20mars%202024.pdf,
2024-04-01,super_sans_plomb,"Supercarburant sans plomb : 1,86 €/L",1.86,CP-20240329,https://www.martinique.gouv.fr/contenu/telechargement/21891/172398/file/2024-04_CP_Carburant-Gaz_avril%202024_v0.pdf,
2024-04-01,gazole,"Gazole routier : 1,78 €/L",1.78,CP-20240329,https://www.martinique.gouv.fr/contenu/telechargement/21891/172398/file/2024-04_CP_Carburant-Gaz_avril%202024_v0.pdf,
2024-05-01,super_sans_plomb,"Supercarburant sans plomb : 1,92 €/L",1.92,CP-20240430,https://www.martinique.gouv.fr/contenu/telechargement/22152/173950/file/20240430%20CP_R%C3%A9vision%20du%20prix%20des%20produits%20p%C3%A9troliers%20et%20du%20gaz%20domestique%20pour%20le%20mois%20de%20mai%202024.pdf,
2024-05-01,gazole,"Gazole routier : 1,74 €/L",1.74,CP-20240430,https://www.martinique.gouv.fr/contenu/telechargement/22152/173950/file/20240430%20CP_R%C3%A9vision%20du%20prix%20des%20produits%20p%C3%A9troliers%20et%20du%20gaz%20domestique%20pour%20le%20mois%20de%20mai%202024.pdf,
2024-06-01,super_sans_plomb,"Supercarburant sans plomb : 1,89 €/L",1.89,CP-20240531,https://www.martinique.gouv.fr/contenu/telechargement/22153/173955/file/20240531%20CP_R%C3%A9vision%20du%20prix%20des%20produits%20p%C3%A9troliers%20et%20du%20gaz%20domestique%20pour%20le%20mois%20de%20juin%202024.pdf,
2024-06-01,gazole,"Gazole routier : 1,67 €/L",1.67,CP-20240531,https://www.martinique.gouv.fr/contenu/telechargement/22153/173955/file/20240531%20CP_R%C3%A9vision%20du%20prix%20des%20produits%20p%C3%A9troliers%20et%20du%20gaz%20domestique%20pour%20le%20mois%20de%20juin%202024.pdf,
2024-07-01,super_sans_plomb,"Supercarburant sans plomb : 1,82 €/L",1.82,CP-20240630,https://www.martinique.gouv.fr/contenu/telechargement/22354/175115/file/20240630%20CP_R%C3%A9vision%20du%20prix%20des%20produits%20p%C3%A9troliers%20et%20du%20gaz%20domestique%20pour%20le%20mois%20de%20juillet%202024.pdf,
2024-07-01,gazole,"Gazole routier : 1,68 €/L",1.68,CP-20240630,https://www.martinique.gouv.fr/contenu/telechargement/22354/175115/file/20240630%20CP_R%C3%A9vision%20du%20prix%20des%20produits%20p%C3%A9troliers%20et%20du%20gaz%20domestique%20pour%20le%20mois%20de%20juillet%202024.pdf,
2024-08-01,super_sans_plomb,"par rapport à août 2024 (1,86 €) — cité CP septembre 2024",1.86,CP-20240830-aout-cite,https://www.martinique.gouv.fr/contenu/telechargement/22874/179443/file/20240830CP_Carburant-Gaz_Sept%202024_v0.pdf,
2024-08-01,gazole,"par rapport à août 2024 (1,71 €) — cité CP septembre 2024",1.71,CP-20240830-aout-cite,https://www.martinique.gouv.fr/contenu/telechargement/22874/179443/file/20240830CP_Carburant-Gaz_Sept%202024_v0.pdf,
2024-09-01,super_sans_plomb,"Supercarburant sans plomb : 1,83 €/L",1.83,CP-20240830,https://www.martinique.gouv.fr/contenu/telechargement/22874/179443/file/20240830CP_Carburant-Gaz_Sept%202024_v0.pdf,
2024-09-01,gazole,"Gazole routier : 1,64 €/L",1.64,CP-20240830,https://www.martinique.gouv.fr/contenu/telechargement/22874/179443/file/20240830CP_Carburant-Gaz_Sept%202024_v0.pdf,
2024-10-01,super_sans_plomb,"Supercarburant sans plomb : 1,78 €/L",1.78,CP-20240930,https://www.martinique.gouv.fr/contenu/telechargement/23039/180619/file/20240930%20CP_R%C3%A9vision%20du%20prix%20des%20produits%20p%C3%A9troliers%20et%20du%20gaz%20domestique%20pour%20le%20mois%20d%27octobre%202024.pdf,
2024-10-01,gazole,"Gazole routier : 1,64 €/L",1.64,CP-20240930,https://www.martinique.gouv.fr/contenu/telechargement/23039/180619/file/20240930%20CP_R%C3%A9vision%20du%20prix%20des%20produits%20p%C3%A9troliers%20et%20du%20gaz%20domestique%20pour%20le%20mois%20d%27octobre%202024.pdf,
2024-11-01,super_sans_plomb,"Supercarburant sans plomb : 1,77 €/L",1.77,CP-20241031,https://www.martinique.gouv.fr/contenu/telechargement/23164/181584/file/20241031%20CP_R%C3%A9vision%20du%20prix%20des%20produits%20p%C3%A9troliers%20et%20du%20gaz%20domestique%20pour%20le%20mois%20de%20novembre%202024.pdf,
2024-11-01,gazole,"Gazole routier : 1,63 €/L",1.63,CP-20241031,https://www.martinique.gouv.fr/contenu/telechargement/23164/181584/file/20241031%20CP_R%C3%A9vision%20du%20prix%20des%20produits%20p%C3%A9troliers%20et%20du%20gaz%20domestique%20pour%20le%20mois%20de%20novembre%202024.pdf,
2024-12-01,super_sans_plomb,"Supercarburant sans plomb : 1,75 €/L",1.75,CP-20241129,https://www.martinique.gouv.fr/contenu/telechargement/23294/182479/file/20241129%20CP_R%C3%A9vision%20du%20prix%20des%20produits%20p%C3%A9troliers%20et%20du%20gaz%20domestique%20pour%20le%20mois%20de%20d%C3%A9cembre%202024.pdf,
2024-12-01,gazole,"Gazole routier : 1,67 €/L",1.67,CP-20241129,https://www.martinique.gouv.fr/contenu/telechargement/23294/182479/file/20241129%20CP_R%C3%A9vision%20du%20prix%20des%20produits%20p%C3%A9troliers%20et%20du%20gaz%20domestique%20pour%20le%20mois%20de%20d%C3%A9cembre%202024.pdf,
2025-01-01,super_sans_plomb,"par rapport à janvier 2025 (1,75 €) — cité CP février 2025",1.75,CP-20250131-janvier-cite,https://www.martinique.gouv.fr/contenu/telechargement/23574/184372/file/20250131_CP_prix%20des%20produits%20p%C3%A9troliers%20et%20du%20gaz%20pour%20le%20mois%20de%20f%C3%A9vrier%202025.pdf,
2025-01-01,gazole,"par rapport à janvier 2025 (1,66 €) — cité CP février 2025",1.66,CP-20250131-janvier-cite,https://www.martinique.gouv.fr/contenu/telechargement/23574/184372/file/20250131_CP_prix%20des%20produits%20p%C3%A9troliers%20et%20du%20gaz%20pour%20le%20mois%20de%20f%C3%A9vrier%202025.pdf,
2025-02-01,super_sans_plomb,"Supercarburant sans plomb : 1,83 €/L",1.83,R02-2025-01-31-00001,https://www.martinique.gouv.fr/contenu/telechargement/23574/184372/file/20250131_CP_prix%20des%20produits%20p%C3%A9troliers%20et%20du%20gaz%20pour%20le%20mois%20de%20f%C3%A9vrier%202025.pdf,
2025-02-01,gazole,"Gazole routier : 1,77 €/L",1.77,R02-2025-01-31-00001,https://www.martinique.gouv.fr/contenu/telechargement/23574/184372/file/20250131_CP_prix%20des%20produits%20p%C3%A9troliers%20et%20du%20gaz%20pour%20le%20mois%20de%20f%C3%A9vrier%202025.pdf,
2025-03-01,super_sans_plomb,"Supercarburant sans plomb : 1,82 €/L",1.82,R02-2025-02-28-00004,https://www.martinique.gouv.fr/contenu/telechargement/23712/185424/file/20250228_CPprix%20des%20produits%20p%C3%A9troliers%20et%20du%20gaz%20pour%20le%20mois%20de%20mars%202025.pdf,
2025-03-01,gazole,"Gazole routier : 1,76 €/L",1.76,R02-2025-02-28-00004,https://www.martinique.gouv.fr/contenu/telechargement/23712/185424/file/20250228_CPprix%20des%20produits%20p%C3%A9troliers%20et%20du%20gaz%20pour%20le%20mois%20de%20mars%202025.pdf,
2025-04-01,super_sans_plomb,"Supercarburant sans plomb : 1,79 €/L",1.79,R02-2025-03-31-00009,https://www.martinique.gouv.fr/contenu/telechargement/23929/186877/file/20250331_CP_prix%20des%20produits%20p%C3%A9troliers%20et%20du%20gaz%20pour%20le%20mois%20d%27avril%202025.pdf,
2025-04-01,gazole,"Gazole routier : 1,76 €/L",1.76,R02-2025-03-31-00009,https://www.martinique.gouv.fr/contenu/telechargement/23929/186877/file/20250331_CP_prix%20des%20produits%20p%C3%A9troliers%20et%20du%20gaz%20pour%20le%20mois%20d%27avril%202025.pdf,
2025-05-01,super_sans_plomb,"Supercarburant sans plomb : 1,82 €/L",1.82,CP-20250430,https://www.martinique.gouv.fr/contenu/telechargement/24071/187864/file/20250430_CP_prix%20des%20produits%20p%C3%A9troliers%20et%20du%20gaz%20pour%20le%20mois%20de%20mai%202025.pdf,
2025-05-01,gazole,"Gazole routier : 1,67 €/L",1.67,CP-20250430,https://www.martinique.gouv.fr/contenu/telechargement/24071/187864/file/20250430_CP_prix%20des%20produits%20p%C3%A9troliers%20et%20du%20gaz%20pour%20le%20mois%20de%20mai%202025.pdf,
2025-06-01,super_sans_plomb,"par rapport à juin 2025 (1,83 €) — cité CP août 2025",1.83,R02-2025-05-28-00002,https://www.martinique.gouv.fr/contenu/telechargement/24443/190311/file/20250731_CP_prix%20des%20produits%20p%C3%A9troliers%20et%20du%20gaz%20pour%20le%20mois%20de%20aout%202025.pdf,
2025-06-01,gazole,"par rapport à juin 2025 (1,69 €) — cité CP août 2025",1.69,R02-2025-05-28-00002,https://www.martinique.gouv.fr/contenu/telechargement/24443/190311/file/20250731_CP_prix%20des%20produits%20p%C3%A9troliers%20et%20du%20gaz%20pour%20le%20mois%20de%20aout%202025.pdf,
2025-07-01,super_sans_plomb,"Supercarburant sans plomb : 1,83 €/L (CP juillet 2025, reprise Franceinfo)",1.83,R02-2025-06-30-00007,https://www.martinique.gouv.fr/contenu/telechargement/24320/190150/file/R%C3%A9vision%20des%20prix%20maximum%20des%20produits%20p%C3%A9troliers%20au%201er%20juillet%202025%20%C3%A0%20z%C3%A9ro%20heure.pdf,
2025-07-01,gazole,"Gazole routier : 1,69 €/L (CP juillet 2025, reprise Franceinfo)",1.69,R02-2025-06-30-00007,https://www.martinique.gouv.fr/contenu/telechargement/24320/190150/file/R%C3%A9vision%20des%20prix%20maximum%20des%20produits%20p%C3%A9troliers%20au%201er%20juillet%202025%20%C3%A0%20z%C3%A9ro%20heure.pdf,
2025-08-01,super_sans_plomb,"Supercarburant sans plomb : 1,76 €/L",1.76,CP-20250731,https://www.martinique.gouv.fr/contenu/telechargement/24443/190311/file/20250731_CP_prix%20des%20produits%20p%C3%A9troliers%20et%20du%20gaz%20pour%20le%20mois%20de%20aout%202025.pdf,
2025-08-01,gazole,"Gazole routier : 1,73 €/L",1.73,CP-20250731,https://www.martinique.gouv.fr/contenu/telechargement/24443/190311/file/20250731_CP_prix%20des%20produits%20p%C3%A9troliers%20et%20du%20gaz%20pour%20le%20mois%20de%20aout%202025.pdf,
2025-09-01,super_sans_plomb,"Supercarburant sans plomb : 1,82 €/L",1.82,CP-20250831,https://www.martinique.gouv.fr/contenu/telechargement/24642/191535/file/20250831_CP_prix%20des%20produits%20p%C3%A9troliers%20et%20du%20gaz%20pour%20le%20mois%20de%20septembre%202025.pdf,
2025-09-01,gazole,"Gazole routier : 1,67 €/L",1.67,CP-20250831,https://www.martinique.gouv.fr/contenu/telechargement/24642/191535/file/20250831_CP_prix%20des%20produits%20p%C3%A9troliers%20et%20du%20gaz%20pour%20le%20mois%20de%20septembre%202025.pdf,
2025-10-01,super_sans_plomb,"Supercarburant sans plomb : 1,82 €/L",1.82,CP-20250930,https://www.martinique.gouv.fr/contenu/telechargement/24986/193631/file/20250930_CP_prix%20des%20produits%20p%C3%A9troliers%20et%20du%20gaz%20pour%20le%20mois%20d%27octobre%202025.pdf,
2025-10-01,gazole,"Gazole routier : 1,68 €/L",1.68,CP-20250930,https://www.martinique.gouv.fr/contenu/telechargement/24986/193631/file/20250930_CP_prix%20des%20produits%20p%C3%A9troliers%20et%20du%20gaz%20pour%20le%20mois%20d%27octobre%202025.pdf,
2025-11-01,super_sans_plomb,"Supercarburant sans plomb : 1,78 €/L",1.78,CP-20251031,https://www.martinique.gouv.fr/contenu/telechargement/25312/195947/file/20251031_CP_prix%20des%20produits%20p%C3%A9troliers%20et%20du%20gaz%20pour%20le%20mois%20de%20novembre%202025.pdf,
2025-11-01,gazole,"Gazole routier : 1,65 €/L",1.65,CP-20251031,https://www.martinique.gouv.fr/contenu/telechargement/25312/195947/file/20251031_CP_prix%20des%20produits%20p%C3%A9troliers%20et%20du%20gaz%20pour%20le%20mois%20de%20novembre%202025.pdf,
2025-12-01,super_sans_plomb,"Supercarburant sans plomb : 1,78 €/L",1.78,CP-20251128,https://www.martinique.gouv.fr/contenu/telechargement/25513/197411/file/20251128_CP_prix%20des%20produits%20p%C3%A9troliers%20et%20du%20gaz%20pour%20le%20mois%20de%20d%C3%A9cembre%202025.pdf,
2025-12-01,gazole,"Gazole routier : 1,75 €/L",1.75,CP-20251128,https://www.martinique.gouv.fr/contenu/telechargement/25513/197411/file/20251128_CP_prix%20des%20produits%20p%C3%A9troliers%20et%20du%20gaz%20pour%20le%20mois%20de%20d%C3%A9cembre%202025.pdf,
2026-01-01,super_sans_plomb,"par rapport à janvier 2026 (1,64 €) — page DEETS février 2026",1.64,CP-20260201-janvier-cite,https://martinique.deets.gouv.fr/Prix-des-carburants-pour-le-mois-de-fevrier-2026,
2026-01-01,gazole,"par rapport à janvier 2026 (1,53 €) — page DEETS février 2026",1.53,CP-20260201-janvier-cite,https://martinique.deets.gouv.fr/Prix-des-carburants-pour-le-mois-de-fevrier-2026,
2026-02-01,super_sans_plomb,"Supercarburant sans plomb : 1,67 €/L",1.67,CP-20260201,https://martinique.deets.gouv.fr/Prix-des-carburants-pour-le-mois-de-fevrier-2026,
2026-02-01,gazole,"Gazole routier : 1,60 €/L",1.60,CP-20260201,https://martinique.deets.gouv.fr/Prix-des-carburants-pour-le-mois-de-fevrier-2026,
2026-03-01,super_sans_plomb,"Supercarburant sans plomb : 1,69 €/L",1.69,CP-20260228,https://www.martinique.gouv.fr/Actualites/Prix-maximum-des-produits-petroliers-au-1er-mars-2026-a-zero-heure,
2026-03-01,gazole,"Gazole routier : 1,64 €/L",1.64,CP-20260228,https://www.martinique.gouv.fr/Actualites/Prix-maximum-des-produits-petroliers-au-1er-mars-2026-a-zero-heure,
2026-04-01,super_sans_plomb,"Supercarburant sans plomb : 1,86 €/L",1.86,CP-20260330,https://www.martinique.gouv.fr/Actualites/Revision-des-prix-maximum-des-produits-petroliers-au-1er-avril-2026-a-zero-heure,
2026-04-01,gazole,"Gazole routier : 1,95 €/L",1.95,CP-20260330,https://www.martinique.gouv.fr/Actualites/Revision-des-prix-maximum-des-produits-petroliers-au-1er-avril-2026-a-zero-heure,
2026-05-01,super_sans_plomb,"Supercarburant sans plomb : 1,96 €/L",1.96,R02-2026-04-29-00001,https://www.martinique.gouv.fr/Actualites/Revision-des-prix-maximum-des-produits-petroliers-a-compter-du-1er-mai-2026,
2026-05-01,gazole,"Gazole routier : 2,09 €/L",2.09,R02-2026-04-29-00001,https://www.martinique.gouv.fr/Actualites/Revision-des-prix-maximum-des-produits-petroliers-a-compter-du-1er-mai-2026,
2026-06-01,super_sans_plomb,"par rapport à juin 2026 (1,99 €) — cité Actualité juillet 2026",1.99,R02-2026-05-29-00002,https://www.martinique.gouv.fr/Actualites/Revision-des-prix-maximum-des-produits-petroliers-au-1er-juillet-2026-a-zero-heure,
2026-06-01,gazole,"par rapport à juin 2026 (2,09 €) — cité Actualité juillet 2026",2.09,R02-2026-05-29-00002,https://www.martinique.gouv.fr/Actualites/Revision-des-prix-maximum-des-produits-petroliers-au-1er-juillet-2026-a-zero-heure,
2026-07-01,super_sans_plomb,"Supercarburant sans plomb : 1,91 €/L",1.91,R02-2026-06-30-00002,https://www.martinique.gouv.fr/Actualites/Revision-des-prix-maximum-des-produits-petroliers-au-1er-juillet-2026-a-zero-heure,
2026-07-01,gazole,"Gazole routier : 1,90 €/L",1.90,R02-2026-06-30-00002,https://www.martinique.gouv.fr/Actualites/Revision-des-prix-maximum-des-produits-petroliers-au-1er-juillet-2026-a-zero-heure,
2026-08-01,super_sans_plomb,"par rapport à août 2026 (1,91 €) — cité page DEETS septembre 2026",1.91,CP-20260901-aout-cite,https://martinique.deets.gouv.fr/Prix-des-carburants-pour-le-mois-de-septembre-2026,
2026-08-01,gazole,"par rapport à août 2026 (1,91 €) — cité page DEETS septembre 2026",1.91,CP-20260901-aout-cite,https://martinique.deets.gouv.fr/Prix-des-carburants-pour-le-mois-de-septembre-2026,
2026-09-01,super_sans_plomb,"Supercarburant sans plomb : 1,90 €/L",1.90,CP-20260904,https://martinique.deets.gouv.fr/Prix-des-carburants-pour-le-mois-de-septembre-2026,
2026-09-01,gazole,"Gazole routier : 2,08 €/L",2.08,CP-20260904,https://martinique.deets.gouv.fr/Prix-des-carburants-pour-le-mois-de-septembre-2026,
