debut_effet,reference_acte,date_signature,type_source_primaire,url_source_primaire,pages_acte,url_communique,motif_exception
2022-04-01,CP-20220331,2022-03-31,communique_exception,https://www.martinique.gouv.fr/contenu/telechargement/19272/131070/file/20220331_CP%20Carburant.pdf,,https://www.martinique.gouv.fr/contenu/telechargement/19272/131070/file/20220331_CP%20Carburant.pdf,Parcours archive préfectorale (Communiqués presse + RAAP) : acte RAA listé mais PDF non extractible localement (RemoteDisconnected / HTTP 401) ; communiqué de presse officiel retenu comme source primaire exceptionnelle.
2022-05-01,CP-20220430,2022-04-30,communique_exception,https://www.martinique.gouv.fr/contenu/telechargement/19523/132673/file/20220430_CP%20prix%20des%20carburants%20et%20du%20gaz%20pour%20le%20mois%20de%20mai%202022..pdf,,https://www.martinique.gouv.fr/contenu/telechargement/19523/132673/file/20220430_CP%20prix%20des%20carburants%20et%20du%20gaz%20pour%20le%20mois%20de%20mai%202022..pdf,Parcours archive préfectorale (Communiqués presse + RAAP) : acte RAA listé mais PDF non extractible localement (RemoteDisconnected / HTTP 401) ; communiqué de presse officiel retenu comme source primaire exceptionnelle.
2022-06-01,CP-20220630-juin-cite,2022-06-01,communique_exception,https://www.martinique.gouv.fr/contenu/telechargement/19708/133769/file/20220630_CP%20prix%20des%20carburants%20et%20du%20gaz%20juillet%202022.pdf,,https://www.martinique.gouv.fr/contenu/telechargement/19708/133769/file/20220630_CP%20prix%20des%20carburants%20et%20du%20gaz%20juillet%202022.pdf,Prix du mois antérieur cité dans le CP officiel du mois suivant ; CP dédié non localisé ou non extractible après parcours archive complet.
2022-07-01,CP-20220630,2022-06-30,communique_exception,https://www.martinique.gouv.fr/contenu/telechargement/19708/133769/file/20220630_CP%20prix%20des%20carburants%20et%20du%20gaz%20juillet%202022.pdf,,https://www.martinique.gouv.fr/contenu/telechargement/19708/133769/file/20220630_CP%20prix%20des%20carburants%20et%20du%20gaz%20juillet%202022.pdf,Parcours archive préfectorale (Communiqués presse + RAAP) : acte RAA listé mais PDF non extractible localement (RemoteDisconnected / HTTP 401) ; communiqué de presse officiel retenu comme source primaire exceptionnelle.
2022-08-01,CP-20220729,2022-07-29,communique_exception,https://www.martinique.gouv.fr/contenu/telechargement/19855/134712/file/20220729_CP%20Evolution%20Prix%20Produits%20Petroliers%20.odt.pdf,,https://www.martinique.gouv.fr/contenu/telechargement/19855/134712/file/20220729_CP%20Evolution%20Prix%20Produits%20Petroliers%20.odt.pdf,Parcours archive préfectorale (Communiqués presse + RAAP) : acte RAA listé mais PDF non extractible localement (RemoteDisconnected / HTTP 401) ; communiqué de presse officiel retenu comme source primaire exceptionnelle.
2022-09-01,CP-20220830,2022-08-30,communique_exception,https://www.martinique.gouv.fr/contenu/telechargement/19884/134872/file/20220830_CP%20prix%20des%20carburants%20pour%20le%20mois%20de%20septembre%202022.pdf,,https://www.martinique.gouv.fr/contenu/telechargement/19884/134872/file/20220830_CP%20prix%20des%20carburants%20pour%20le%20mois%20de%20septembre%202022.pdf,Parcours archive préfectorale (Communiqués presse + RAAP) : acte RAA listé mais PDF non extractible localement (RemoteDisconnected / HTTP 401) ; communiqué de presse officiel retenu comme source primaire exceptionnelle.
2022-10-01,CP-20220930,2022-09-30,communique_exception,https://www.martinique.gouv.fr/contenu/telechargement/20032/135793/file/20220930_CP+prix+des+carburants+pour+le+mois+d%27octobre+2022-7.pdf,,https://www.martinique.gouv.fr/contenu/telechargement/20032/135793/file/20220930_CP+prix+des+carburants+pour+le+mois+d%27octobre+2022-7.pdf,Parcours archive préfectorale (Communiqués presse + RAAP) : acte RAA listé mais PDF non extractible localement (RemoteDisconnected / HTTP 401) ; communiqué de presse officiel retenu comme source primaire exceptionnelle.
2022-11-16,R02-2022-11-15-00003,2022-11-15,raa,https://www.martinique.gouv.fr/contenu/telechargement/20144/136508/file/RAA-02-2022-309.pdf,3-8,,
2022-12-01,CP-20221130,2022-11-30,communique_exception,https://www.martinique.gouv.fr/contenu/telechargement/20215/136918/file/20221130%20CP%20R%C3%A9vision%20des%20produits%20p%C3%A9troliers%20et%20du%20gaz%20domestique%20pour%20le%20mois%20de%20d%C3%A9cembre%202022.pdf,,https://www.martinique.gouv.fr/contenu/telechargement/20215/136918/file/20221130%20CP%20R%C3%A9vision%20des%20produits%20p%C3%A9troliers%20et%20du%20gaz%20domestique%20pour%20le%20mois%20de%20d%C3%A9cembre%202022.pdf,Parcours archive préfectorale (Communiqués presse + RAAP) : acte RAA listé mais PDF non extractible localement (RemoteDisconnected / HTTP 401) ; communiqué de presse officiel retenu comme source primaire exceptionnelle.
2023-01-01,CP-20221229,2022-12-29,communique_exception,https://www.martinique.gouv.fr/contenu/telechargement/20398/137885/file/20221229%20CP%20R%C3%A9vision%20des%20produits%20p%C3%A9troliers%20et%20du%20gaz%20domestique%20pour%20le%20mois%20de%20janvier%202023.pdf,,https://www.martinique.gouv.fr/contenu/telechargement/20398/137885/file/20221229%20CP%20R%C3%A9vision%20des%20produits%20p%C3%A9troliers%20et%20du%20gaz%20domestique%20pour%20le%20mois%20de%20janvier%202023.pdf,Parcours archive préfectorale (Communiqués presse + RAAP) : acte RAA listé mais PDF non extractible localement (RemoteDisconnected / HTTP 401) ; communiqué de presse officiel retenu comme source primaire exceptionnelle.
2023-02-01,CP-20230228-fev-cite,2023-02-01,communique_exception,https://www.martinique.gouv.fr/contenu/telechargement/20586/163968/file/2023_02_28_CP_r%C3%A9vision%20des%20prix%20des%20produits%20p%C3%A9troliers%20au%201er%20mars%202023.pdf,,https://www.martinique.gouv.fr/contenu/telechargement/20586/163968/file/2023_02_28_CP_r%C3%A9vision%20des%20prix%20des%20produits%20p%C3%A9troliers%20au%201er%20mars%202023.pdf,Prix du mois antérieur cité dans le CP officiel du mois suivant ; CP dédié non localisé ou non extractible après parcours archive complet.
2023-03-01,CP-20230228,2023-02-28,communique_exception,https://www.martinique.gouv.fr/contenu/telechargement/20586/163968/file/2023_02_28_CP_r%C3%A9vision%20des%20prix%20des%20produits%20p%C3%A9troliers%20au%201er%20mars%202023.pdf,,https://www.martinique.gouv.fr/contenu/telechargement/20586/163968/file/2023_02_28_CP_r%C3%A9vision%20des%20prix%20des%20produits%20p%C3%A9troliers%20au%201er%20mars%202023.pdf,Parcours archive préfectorale (Communiqués presse + RAAP) : acte RAA listé mais PDF non extractible localement (RemoteDisconnected / HTTP 401) ; communiqué de presse officiel retenu comme source primaire exceptionnelle.
2023-04-01,CP-20230331,2023-03-31,communique_exception,https://www.martinique.gouv.fr/contenu/telechargement/20691/164780/file/2023_03_31_CP_r%C3%A9vision%20des%20prix%20des%20produits%20p%C3%A9troliers%20au%201er%20avril%202023.pdf,,https://www.martinique.gouv.fr/contenu/telechargement/20691/164780/file/2023_03_31_CP_r%C3%A9vision%20des%20prix%20des%20produits%20p%C3%A9troliers%20au%201er%20avril%202023.pdf,Parcours archive préfectorale (Communiqués presse + RAAP) : acte RAA listé mais PDF non extractible localement (RemoteDisconnected / HTTP 401) ; communiqué de presse officiel retenu comme source primaire exceptionnelle.
2023-05-01,CP-20230531-mai-cite,2023-05-01,communique_exception,https://www.martinique.gouv.fr/contenu/telechargement/20856/165968/file/20230531_CP_r%C3%A9vision%20des%20prix%20des%20produits%20p%C3%A9troliers%20pour%20le%20mois%20de%20juin%202023.pdf,,https://www.martinique.gouv.fr/contenu/telechargement/20856/165968/file/20230531_CP_r%C3%A9vision%20des%20prix%20des%20produits%20p%C3%A9troliers%20pour%20le%20mois%20de%20juin%202023.pdf,Prix du mois antérieur cité dans le CP officiel du mois suivant ; CP dédié non localisé ou non extractible après parcours archive complet.
2023-06-01,CP-20230531,2023-05-31,communique_exception,https://www.martinique.gouv.fr/contenu/telechargement/20856/165968/file/20230531_CP_r%C3%A9vision%20des%20prix%20des%20produits%20p%C3%A9troliers%20pour%20le%20mois%20de%20juin%202023.pdf,,https://www.martinique.gouv.fr/contenu/telechargement/20856/165968/file/20230531_CP_r%C3%A9vision%20des%20prix%20des%20produits%20p%C3%A9troliers%20pour%20le%20mois%20de%20juin%202023.pdf,Parcours archive préfectorale (Communiqués presse + RAAP) : acte RAA listé mais PDF non extractible localement (RemoteDisconnected / HTTP 401) ; communiqué de presse officiel retenu comme source primaire exceptionnelle.
2023-07-01,CP-20230630,2023-06-30,communique_exception,https://www.martinique.gouv.fr/contenu/telechargement/20951/166611/file/20230630_CP_r%C3%A9vision%20des%20produits%20p%C3%A9troliers%20pour%20le%20mois%20de%20juillet%202023.pdf,,https://www.martinique.gouv.fr/contenu/telechargement/20951/166611/file/20230630_CP_r%C3%A9vision%20des%20produits%20p%C3%A9troliers%20pour%20le%20mois%20de%20juillet%202023.pdf,Parcours archive préfectorale (Communiqués presse + RAAP) : acte RAA listé mais PDF non extractible localement (RemoteDisconnected / HTTP 401) ; communiqué de presse officiel retenu comme source primaire exceptionnelle.
2023-08-01,CP-20230831-aout-cite,2023-08-01,communique_exception,https://www.martinique.gouv.fr/contenu/telechargement/21203/168123/file/20230831_CP_r%C3%A9vision%20des%20produits%20p%C3%A9troliers%20pour%20le%20mois%20de%20septembre%202023.pdf,,https://www.martinique.gouv.fr/contenu/telechargement/21203/168123/file/20230831_CP_r%C3%A9vision%20des%20produits%20p%C3%A9troliers%20pour%20le%20mois%20de%20septembre%202023.pdf,Prix du mois antérieur cité dans le CP officiel du mois suivant ; CP dédié non localisé ou non extractible après parcours archive complet.
2023-09-01,CP-20230831,2023-08-31,communique_exception,https://www.martinique.gouv.fr/contenu/telechargement/21203/168123/file/20230831_CP_r%C3%A9vision%20des%20produits%20p%C3%A9troliers%20pour%20le%20mois%20de%20septembre%202023.pdf,,https://www.martinique.gouv.fr/contenu/telechargement/21203/168123/file/20230831_CP_r%C3%A9vision%20des%20produits%20p%C3%A9troliers%20pour%20le%20mois%20de%20septembre%202023.pdf,Parcours archive préfectorale (Communiqués presse + RAAP) : acte RAA listé mais PDF non extractible localement (RemoteDisconnected / HTTP 401) ; communiqué de presse officiel retenu comme source primaire exceptionnelle.
2023-10-01,CP-20230929,2023-09-29,communique_exception,https://martinique.deets.gouv.fr/sites/martinique.deets.gouv.fr/IMG/pdf/cp20232909_carburant_oct_.odt.pdf,,https://martinique.deets.gouv.fr/sites/martinique.deets.gouv.fr/IMG/pdf/cp20232909_carburant_oct_.odt.pdf,Parcours archive préfectorale (Communiqués presse + RAAP) : acte RAA listé mais PDF non extractible localement (RemoteDisconnected / HTTP 401) ; communiqué de presse officiel retenu comme source primaire exceptionnelle.
2023-11-01,CP-20231030,2023-10-30,communique_exception,https://martinique.deets.gouv.fr/sites/martinique.deets.gouv.fr/IMG/pdf/20231030_cp_revision_des_produits_petroliers_pour_le_mois_de_novembre_2023.pdf,,https://martinique.deets.gouv.fr/sites/martinique.deets.gouv.fr/IMG/pdf/20231030_cp_revision_des_produits_petroliers_pour_le_mois_de_novembre_2023.pdf,Parcours archive préfectorale (Communiqués presse + RAAP) : acte RAA listé mais PDF non extractible localement (RemoteDisconnected / HTTP 401) ; communiqué de presse officiel retenu comme source primaire exceptionnelle.
2023-12-01,CP-20231130,2023-11-30,communique_exception,https://www.martinique.gouv.fr/contenu/telechargement/21470/169721/file/20231130_CP_r%C3%A9vision%20des%20produits%20p%C3%A9troliers%20pour%20le%20mois%20de%20d%C3%A9cembre%202023.pdf,,https://www.martinique.gouv.fr/contenu/telechargement/21470/169721/file/20231130_CP_r%C3%A9vision%20des%20produits%20p%C3%A9troliers%20pour%20le%20mois%20de%20d%C3%A9cembre%202023.pdf,Parcours archive préfectorale (Communiqués presse + RAAP) : acte RAA listé mais PDF non extractible localement (RemoteDisconnected / HTTP 401) ; communiqué de presse officiel retenu comme source primaire exceptionnelle.
2024-01-01,CP-20231229,2023-12-29,communique_exception,https://www.martinique.gouv.fr/contenu/telechargement/21609/170534/file/20231229%20CP_R%C3%A9vision%20du%20prix%20des%20produits%20p%C3%A9troliers%20et%20du%20gaz%20domestique%20pour%20le%20mois%20de%20janvier%202024.pdf,,https://www.martinique.gouv.fr/contenu/telechargement/21609/170534/file/20231229%20CP_R%C3%A9vision%20du%20prix%20des%20produits%20p%C3%A9troliers%20et%20du%20gaz%20domestique%20pour%20le%20mois%20de%20janvier%202024.pdf,Parcours archive préfectorale (Communiqués presse + RAAP) : acte RAA listé mais PDF non extractible localement (RemoteDisconnected / HTTP 401) ; communiqué de presse officiel retenu comme source primaire exceptionnelle.
2024-02-01,CP-20240131,2024-01-31,communique_exception,https://www.martinique.gouv.fr/contenu/telechargement/21679/170991/file/20240131%20CP_R%C3%A9vision%20du%20prix%20des%20produits%20p%C3%A9troliers%20et%20du%20gaz%20domestique%20pour%20le%20mois%20de%20f%C3%A9vrier%202024.pdf,,https://www.martinique.gouv.fr/contenu/telechargement/21679/170991/file/20240131%20CP_R%C3%A9vision%20du%20prix%20des%20produits%20p%C3%A9troliers%20et%20du%20gaz%20domestique%20pour%20le%20mois%20de%20f%C3%A9vrier%202024.pdf,Parcours archive préfectorale (Communiqués presse + RAAP) : acte RAA listé mais PDF non extractible localement (RemoteDisconnected / HTTP 401) ; communiqué de presse officiel retenu comme source primaire exceptionnelle.
2024-03-01,CP-20240228,2024-02-28,communique_exception,https://www.martinique.gouv.fr/contenu/telechargement/21771/171635/file/20240228%20CP_R%C3%A9vision%20du%20prix%20des%20produits%20p%C3%A9troliers%20et%20du%20gaz%20domestique%20pour%20le%20mois%20de%20mars%202024.pdf,,https://www.martinique.gouv.fr/contenu/telechargement/21771/171635/file/20240228%20CP_R%C3%A9vision%20du%20prix%20des%20produits%20p%C3%A9troliers%20et%20du%20gaz%20domestique%20pour%20le%20mois%20de%20mars%202024.pdf,Parcours archive préfectorale (Communiqués presse + RAAP) : acte RAA listé mais PDF non extractible localement (RemoteDisconnected / HTTP 401) ; communiqué de presse officiel retenu comme source primaire exceptionnelle.
2024-04-01,CP-20240329,2024-03-29,communique_exception,https://www.martinique.gouv.fr/contenu/telechargement/21891/172398/file/2024-04_CP_Carburant-Gaz_avril%202024_v0.pdf,,https://www.martinique.gouv.fr/contenu/telechargement/21891/172398/file/2024-04_CP_Carburant-Gaz_avril%202024_v0.pdf,Parcours archive préfectorale (Communiqués presse + RAAP) : acte RAA listé mais PDF non extractible localement (RemoteDisconnected / HTTP 401) ; communiqué de presse officiel retenu comme source primaire exceptionnelle.
2024-05-01,CP-20240430,2024-04-30,communique_exception,https://www.martinique.gouv.fr/contenu/telechargement/22152/173950/file/20240430%20CP_R%C3%A9vision%20du%20prix%20des%20produits%20p%C3%A9troliers%20et%20du%20gaz%20domestique%20pour%20le%20mois%20de%20mai%202024.pdf,,https://www.martinique.gouv.fr/contenu/telechargement/22152/173950/file/20240430%20CP_R%C3%A9vision%20du%20prix%20des%20produits%20p%C3%A9troliers%20et%20du%20gaz%20domestique%20pour%20le%20mois%20de%20mai%202024.pdf,Parcours archive préfectorale (Communiqués presse + RAAP) : acte RAA listé mais PDF non extractible localement (RemoteDisconnected / HTTP 401) ; communiqué de presse officiel retenu comme source primaire exceptionnelle.
2024-06-01,CP-20240531,2024-05-31,communique_exception,https://www.martinique.gouv.fr/contenu/telechargement/22153/173955/file/20240531%20CP_R%C3%A9vision%20du%20prix%20des%20produits%20p%C3%A9troliers%20et%20du%20gaz%20domestique%20pour%20le%20mois%20de%20juin%202024.pdf,,https://www.martinique.gouv.fr/contenu/telechargement/22153/173955/file/20240531%20CP_R%C3%A9vision%20du%20prix%20des%20produits%20p%C3%A9troliers%20et%20du%20gaz%20domestique%20pour%20le%20mois%20de%20juin%202024.pdf,Parcours archive préfectorale (Communiqués presse + RAAP) : acte RAA listé mais PDF non extractible localement (RemoteDisconnected / HTTP 401) ; communiqué de presse officiel retenu comme source primaire exceptionnelle.
2024-07-01,CP-20240630,2024-06-30,communique_exception,https://www.martinique.gouv.fr/contenu/telechargement/22354/175115/file/20240630%20CP_R%C3%A9vision%20du%20prix%20des%20produits%20p%C3%A9troliers%20et%20du%20gaz%20domestique%20pour%20le%20mois%20de%20juillet%202024.pdf,,https://www.martinique.gouv.fr/contenu/telechargement/22354/175115/file/20240630%20CP_R%C3%A9vision%20du%20prix%20des%20produits%20p%C3%A9troliers%20et%20du%20gaz%20domestique%20pour%20le%20mois%20de%20juillet%202024.pdf,Parcours archive préfectorale (Communiqués presse + RAAP) : acte RAA listé mais PDF non extractible localement (RemoteDisconnected / HTTP 401) ; communiqué de presse officiel retenu comme source primaire exceptionnelle.
2024-08-01,CP-20240830-aout-cite,2024-08-01,communique_exception,https://www.martinique.gouv.fr/contenu/telechargement/22874/179443/file/20240830CP_Carburant-Gaz_Sept%202024_v0.pdf,,https://www.martinique.gouv.fr/contenu/telechargement/22874/179443/file/20240830CP_Carburant-Gaz_Sept%202024_v0.pdf,Prix du mois antérieur cité dans le CP officiel du mois suivant ; CP dédié non localisé ou non extractible après parcours archive complet.
2024-09-01,CP-20240830,2024-08-30,communique_exception,https://www.martinique.gouv.fr/contenu/telechargement/22874/179443/file/20240830CP_Carburant-Gaz_Sept%202024_v0.pdf,,https://www.martinique.gouv.fr/contenu/telechargement/22874/179443/file/20240830CP_Carburant-Gaz_Sept%202024_v0.pdf,Parcours archive préfectorale (Communiqués presse + RAAP) : acte RAA listé mais PDF non extractible localement (RemoteDisconnected / HTTP 401) ; communiqué de presse officiel retenu comme source primaire exceptionnelle.
2024-10-01,CP-20240930,2024-09-30,communique_exception,https://www.martinique.gouv.fr/contenu/telechargement/23039/180619/file/20240930%20CP_R%C3%A9vision%20du%20prix%20des%20produits%20p%C3%A9troliers%20et%20du%20gaz%20domestique%20pour%20le%20mois%20d%27octobre%202024.pdf,,https://www.martinique.gouv.fr/contenu/telechargement/23039/180619/file/20240930%20CP_R%C3%A9vision%20du%20prix%20des%20produits%20p%C3%A9troliers%20et%20du%20gaz%20domestique%20pour%20le%20mois%20d%27octobre%202024.pdf,Parcours archive préfectorale (Communiqués presse + RAAP) : acte RAA listé mais PDF non extractible localement (RemoteDisconnected / HTTP 401) ; communiqué de presse officiel retenu comme source primaire exceptionnelle.
2024-11-01,CP-20241031,2024-10-31,communique_exception,https://www.martinique.gouv.fr/contenu/telechargement/23164/181584/file/20241031%20CP_R%C3%A9vision%20du%20prix%20des%20produits%20p%C3%A9troliers%20et%20du%20gaz%20domestique%20pour%20le%20mois%20de%20novembre%202024.pdf,,https://www.martinique.gouv.fr/contenu/telechargement/23164/181584/file/20241031%20CP_R%C3%A9vision%20du%20prix%20des%20produits%20p%C3%A9troliers%20et%20du%20gaz%20domestique%20pour%20le%20mois%20de%20novembre%202024.pdf,Parcours archive préfectorale (Communiqués presse + RAAP) : acte RAA listé mais PDF non extractible localement (RemoteDisconnected / HTTP 401) ; communiqué de presse officiel retenu comme source primaire exceptionnelle.
2024-12-01,CP-20241129,2024-11-29,communique_exception,https://www.martinique.gouv.fr/contenu/telechargement/23294/182479/file/20241129%20CP_R%C3%A9vision%20du%20prix%20des%20produits%20p%C3%A9troliers%20et%20du%20gaz%20domestique%20pour%20le%20mois%20de%20d%C3%A9cembre%202024.pdf,,https://www.martinique.gouv.fr/contenu/telechargement/23294/182479/file/20241129%20CP_R%C3%A9vision%20du%20prix%20des%20produits%20p%C3%A9troliers%20et%20du%20gaz%20domestique%20pour%20le%20mois%20de%20d%C3%A9cembre%202024.pdf,Parcours archive préfectorale (Communiqués presse + RAAP) : acte RAA listé mais PDF non extractible localement (RemoteDisconnected / HTTP 401) ; communiqué de presse officiel retenu comme source primaire exceptionnelle.
2025-01-01,CP-20250131-janvier-cite,2025-01-31,communique_exception,https://www.martinique.gouv.fr/contenu/telechargement/23574/184372/file/20250131_CP_prix%20des%20produits%20p%C3%A9troliers%20et%20du%20gaz%20pour%20le%20mois%20de%20f%C3%A9vrier%202025.pdf,,https://www.martinique.gouv.fr/contenu/telechargement/23574/184372/file/20250131_CP_prix%20des%20produits%20p%C3%A9troliers%20et%20du%20gaz%20pour%20le%20mois%20de%20f%C3%A9vrier%202025.pdf,Parcours archive préfectorale (Communiqués presse + RAAP) : acte RAA listé mais PDF non extractible localement (RemoteDisconnected / HTTP 401) ; communiqué de presse officiel retenu comme source primaire exceptionnelle.
2025-02-01,R02-2025-01-31-00001,2025-01-31,communique_exception,https://www.martinique.gouv.fr/contenu/telechargement/23574/184372/file/20250131_CP_prix%20des%20produits%20p%C3%A9troliers%20et%20du%20gaz%20pour%20le%20mois%20de%20f%C3%A9vrier%202025.pdf,,https://www.martinique.gouv.fr/contenu/telechargement/23574/184372/file/20250131_CP_prix%20des%20produits%20p%C3%A9troliers%20et%20du%20gaz%20pour%20le%20mois%20de%20f%C3%A9vrier%202025.pdf,Parcours archive préfectorale (Communiqués presse + RAAP) : acte RAA listé mais PDF non extractible localement (RemoteDisconnected / HTTP 401) ; communiqué de presse officiel retenu comme source primaire exceptionnelle.
2025-03-01,R02-2025-02-28-00004,2025-02-28,communique_exception,https://www.martinique.gouv.fr/contenu/telechargement/23712/185424/file/20250228_CPprix%20des%20produits%20p%C3%A9troliers%20et%20du%20gaz%20pour%20le%20mois%20de%20mars%202025.pdf,,https://www.martinique.gouv.fr/contenu/telechargement/23712/185424/file/20250228_CPprix%20des%20produits%20p%C3%A9troliers%20et%20du%20gaz%20pour%20le%20mois%20de%20mars%202025.pdf,Parcours archive préfectorale (Communiqués presse + RAAP) : acte RAA listé mais PDF non extractible localement (RemoteDisconnected / HTTP 401) ; communiqué de presse officiel retenu comme source primaire exceptionnelle.
2025-04-01,R02-2025-03-31-00009,2025-03-31,communique_exception,https://www.martinique.gouv.fr/contenu/telechargement/23929/186877/file/20250331_CP_prix%20des%20produits%20p%C3%A9troliers%20et%20du%20gaz%20pour%20le%20mois%20d%27avril%202025.pdf,,https://www.martinique.gouv.fr/contenu/telechargement/23929/186877/file/20250331_CP_prix%20des%20produits%20p%C3%A9troliers%20et%20du%20gaz%20pour%20le%20mois%20d%27avril%202025.pdf,Parcours archive préfectorale (Communiqués presse + RAAP) : acte RAA listé mais PDF non extractible localement (RemoteDisconnected / HTTP 401) ; communiqué de presse officiel retenu comme source primaire exceptionnelle.
2025-05-01,CP-20250430,2025-04-30,communique_exception,https://www.martinique.gouv.fr/contenu/telechargement/24071/187864/file/20250430_CP_prix%20des%20produits%20p%C3%A9troliers%20et%20du%20gaz%20pour%20le%20mois%20de%20mai%202025.pdf,,https://www.martinique.gouv.fr/contenu/telechargement/24071/187864/file/20250430_CP_prix%20des%20produits%20p%C3%A9troliers%20et%20du%20gaz%20pour%20le%20mois%20de%20mai%202025.pdf,Parcours archive préfectorale (Communiqués presse + RAAP) : acte RAA listé mais PDF non extractible localement (RemoteDisconnected / HTTP 401) ; communiqué de presse officiel retenu comme source primaire exceptionnelle.
2025-06-01,R02-2025-05-28-00002,2025-06-01,communique_exception,https://www.martinique.gouv.fr/contenu/telechargement/24443/190311/file/20250731_CP_prix%20des%20produits%20p%C3%A9troliers%20et%20du%20gaz%20pour%20le%20mois%20de%20aout%202025.pdf,,https://www.martinique.gouv.fr/contenu/telechargement/24443/190311/file/20250731_CP_prix%20des%20produits%20p%C3%A9troliers%20et%20du%20gaz%20pour%20le%20mois%20de%20aout%202025.pdf,R02-2025-05-28-00002 listé RAAP juin 2025 ; CP juin non extractible
2025-07-01,R02-2025-06-30-00007,2025-06-30,communique_exception,https://www.martinique.gouv.fr/contenu/telechargement/24320/190150/file/R%C3%A9vision%20des%20prix%20maximum%20des%20produits%20p%C3%A9troliers%20au%201er%20juillet%202025%20%C3%A0%20z%C3%A9ro%20heure.pdf,,https://www.martinique.gouv.fr/contenu/telechargement/24320/190150/file/R%C3%A9vision%20des%20prix%20maximum%20des%20produits%20p%C3%A9troliers%20au%201er%20juillet%202025%20%C3%A0%20z%C3%A9ro%20heure.pdf,"Parcours archive RAA Special Juin 2025 : acte R02-2025-06-30-00007 identifié (recueil-r02-2025-229, 30/06/2025). PDF recueil (24320/190147) et CP préfecture (24320/190150) : HTTP 401 WebFetch, curl RemoteDisconnected. Index Communiqués presse 2025 confirme le CP. CP août 2025 compare à juin (1,83/1,69 €/L) pas à juillet. Prix juillet lus sur reprise du communiqué par la1ere.franceinfo.fr (30/06/2025) : super 1,83 / gazole 1,69 €/L TTC ; cohérent avec gaz 25,97 € cités CP août pour juin."
2025-08-01,CP-20250731,2025-07-31,communique_exception,https://www.martinique.gouv.fr/contenu/telechargement/24443/190311/file/20250731_CP_prix%20des%20produits%20p%C3%A9troliers%20et%20du%20gaz%20pour%20le%20mois%20de%20aout%202025.pdf,,https://www.martinique.gouv.fr/contenu/telechargement/24443/190311/file/20250731_CP_prix%20des%20produits%20p%C3%A9troliers%20et%20du%20gaz%20pour%20le%20mois%20de%20aout%202025.pdf,Parcours archive préfectorale (Communiqués presse + RAAP) : acte RAA listé mais PDF non extractible localement (RemoteDisconnected / HTTP 401) ; communiqué de presse officiel retenu comme source primaire exceptionnelle.
2025-09-01,CP-20250831,2025-08-31,communique_exception,https://www.martinique.gouv.fr/contenu/telechargement/24642/191535/file/20250831_CP_prix%20des%20produits%20p%C3%A9troliers%20et%20du%20gaz%20pour%20le%20mois%20de%20septembre%202025.pdf,,https://www.martinique.gouv.fr/contenu/telechargement/24642/191535/file/20250831_CP_prix%20des%20produits%20p%C3%A9troliers%20et%20du%20gaz%20pour%20le%20mois%20de%20septembre%202025.pdf,Parcours archive préfectorale (Communiqués presse + RAAP) : acte RAA listé mais PDF non extractible localement (RemoteDisconnected / HTTP 401) ; communiqué de presse officiel retenu comme source primaire exceptionnelle.
2025-10-01,CP-20250930,2025-09-30,communique_exception,https://www.martinique.gouv.fr/contenu/telechargement/24986/193631/file/20250930_CP_prix%20des%20produits%20p%C3%A9troliers%20et%20du%20gaz%20pour%20le%20mois%20d%27octobre%202025.pdf,,https://www.martinique.gouv.fr/contenu/telechargement/24986/193631/file/20250930_CP_prix%20des%20produits%20p%C3%A9troliers%20et%20du%20gaz%20pour%20le%20mois%20d%27octobre%202025.pdf,Parcours archive préfectorale (Communiqués presse + RAAP) : acte RAA listé mais PDF non extractible localement (RemoteDisconnected / HTTP 401) ; communiqué de presse officiel retenu comme source primaire exceptionnelle.
2025-11-01,CP-20251031,2025-10-31,communique_exception,https://www.martinique.gouv.fr/contenu/telechargement/25312/195947/file/20251031_CP_prix%20des%20produits%20p%C3%A9troliers%20et%20du%20gaz%20pour%20le%20mois%20de%20novembre%202025.pdf,,https://www.martinique.gouv.fr/contenu/telechargement/25312/195947/file/20251031_CP_prix%20des%20produits%20p%C3%A9troliers%20et%20du%20gaz%20pour%20le%20mois%20de%20novembre%202025.pdf,Parcours archive préfectorale (Communiqués presse + RAAP) : acte RAA listé mais PDF non extractible localement (RemoteDisconnected / HTTP 401) ; communiqué de presse officiel retenu comme source primaire exceptionnelle.
2025-12-01,CP-20251128,2025-11-28,communique_exception,https://www.martinique.gouv.fr/contenu/telechargement/25513/197411/file/20251128_CP_prix%20des%20produits%20p%C3%A9troliers%20et%20du%20gaz%20pour%20le%20mois%20de%20d%C3%A9cembre%202025.pdf,,https://www.martinique.gouv.fr/contenu/telechargement/25513/197411/file/20251128_CP_prix%20des%20produits%20p%C3%A9troliers%20et%20du%20gaz%20pour%20le%20mois%20de%20d%C3%A9cembre%202025.pdf,Parcours archive préfectorale (Communiqués presse + RAAP) : acte RAA listé mais PDF non extractible localement (RemoteDisconnected / HTTP 401) ; communiqué de presse officiel retenu comme source primaire exceptionnelle.
2026-01-01,CP-20260201-janvier-cite,2026-01-01,communique_exception,https://martinique.deets.gouv.fr/Prix-des-carburants-pour-le-mois-de-fevrier-2026,,https://martinique.deets.gouv.fr/Prix-des-carburants-pour-le-mois-de-fevrier-2026,Page DEETS indexée ; soft-redirect possible sur fetch direct
2026-02-01,CP-20260201,2026-02-01,communique_exception,https://martinique.deets.gouv.fr/Prix-des-carburants-pour-le-mois-de-fevrier-2026,,https://martinique.deets.gouv.fr/Prix-des-carburants-pour-le-mois-de-fevrier-2026,Parcours archive préfectorale (Communiqués presse + RAAP) : acte RAA listé mais PDF non extractible localement (RemoteDisconnected / HTTP 401) ; communiqué de presse officiel retenu comme source primaire exceptionnelle.
2026-03-01,CP-20260228,2026-02-28,communique_exception,https://www.martinique.gouv.fr/Actualites/Prix-maximum-des-produits-petroliers-au-1er-mars-2026-a-zero-heure,,https://www.martinique.gouv.fr/Actualites/Prix-maximum-des-produits-petroliers-au-1er-mars-2026-a-zero-heure,Parcours archive préfectorale (Communiqués presse + RAAP) : acte RAA listé mais PDF non extractible localement (RemoteDisconnected / HTTP 401) ; communiqué de presse officiel retenu comme source primaire exceptionnelle.
2026-04-01,CP-20260330,2026-03-30,communique_exception,https://www.martinique.gouv.fr/Actualites/Revision-des-prix-maximum-des-produits-petroliers-au-1er-avril-2026-a-zero-heure,,https://www.martinique.gouv.fr/Actualites/Revision-des-prix-maximum-des-produits-petroliers-au-1er-avril-2026-a-zero-heure,Parcours archive préfectorale (Communiqués presse + RAAP) : acte RAA listé mais PDF non extractible localement (RemoteDisconnected / HTTP 401) ; communiqué de presse officiel retenu comme source primaire exceptionnelle.
2026-05-01,R02-2026-04-29-00001,2026-04-29,communique_exception,https://www.martinique.gouv.fr/Actualites/Revision-des-prix-maximum-des-produits-petroliers-a-compter-du-1er-mai-2026,,https://www.martinique.gouv.fr/Actualites/Revision-des-prix-maximum-des-produits-petroliers-a-compter-du-1er-mai-2026,Parcours archive préfectorale (Communiqués presse + RAAP) : acte RAA listé mais PDF non extractible localement (RemoteDisconnected / HTTP 401) ; communiqué de presse officiel retenu comme source primaire exceptionnelle.
2026-06-01,R02-2026-05-29-00002,2026-06-01,communique_exception,https://www.martinique.gouv.fr/Actualites/Revision-des-prix-maximum-des-produits-petroliers-au-1er-juillet-2026-a-zero-heure,,https://www.martinique.gouv.fr/Actualites/Revision-des-prix-maximum-des-produits-petroliers-au-1er-juillet-2026-a-zero-heure,Prix du mois antérieur cité dans le CP officiel du mois suivant ; CP dédié non localisé ou non extractible après parcours archive complet.
2026-07-01,R02-2026-06-30-00002,2026-06-30,communique_exception,https://www.martinique.gouv.fr/Actualites/Revision-des-prix-maximum-des-produits-petroliers-au-1er-juillet-2026-a-zero-heure,,https://www.martinique.gouv.fr/Actualites/Revision-des-prix-maximum-des-produits-petroliers-au-1er-juillet-2026-a-zero-heure,Parcours archive préfectorale (Communiqués presse + RAAP) : acte RAA listé mais PDF non extractible localement (RemoteDisconnected / HTTP 401) ; communiqué de presse officiel retenu comme source primaire exceptionnelle.
2026-08-01,CP-20260901-aout-cite,2026-08-01,communique_exception,https://martinique.deets.gouv.fr/Prix-des-carburants-pour-le-mois-de-septembre-2026,,https://martinique.deets.gouv.fr/Prix-des-carburants-pour-le-mois-de-septembre-2026,Prix du mois antérieur cité dans le CP officiel du mois suivant ; CP dédié non localisé ou non extractible après parcours archive complet.
2026-09-01,CP-20260904,2026-09-04,communique_exception,https://martinique.deets.gouv.fr/Prix-des-carburants-pour-le-mois-de-septembre-2026,,https://martinique.deets.gouv.fr/Prix-des-carburants-pour-le-mois-de-septembre-2026,Parcours archive préfectorale (Communiqués presse + RAAP) : acte RAA listé mais PDF non extractible localement (RemoteDisconnected / HTTP 401) ; communiqué de presse officiel retenu comme source primaire exceptionnelle.
